{
  "domain": "IR",
  "species": [
    "CH4",
    "NH3",
    "PH3",
    "CO",
    "C2H6",
    "C2H2"
  ],
  "bands": {
    "CH4": [
      [
        3.3,
        0.25
      ],
      [
        2.3,
        0.2
      ]
    ],
    "NH3": [
      [
        10.5,
        0.6
      ],
      [
        2.0,
        0.2
      ]
    ],
    "PH3": [
      [
        4.3,
        0.3
      ]
    ],
    "CO": [
      [
        4.7,
        0.15
      ]
    ],
    "C2H6": [
      [
        3.4,
        0.25
      ]
    ],
    "C2H2": [
      [
        3.0,
        0.2
      ]
    ]
  },
  "best_params": {
    "h1": 512,
    "h2": 192,
    "drop1": 0.1634234683488357,
    "drop2": 0.24318163460361417,
    "lr": 0.0008409436970168251,
    "wd": 2.618724620735942e-05,
    "baseline_win": 151,
    "temp": 1.1280998273424725
  },
  "n_resample": 1024,
  "val_loss": 0.5365491781234741
}