{
  "species": [
    "CH4",
    "NH3",
    "C2H2",
    "C2H6",
    "PH3",
    "C6H6",
    "C4H2",
    "CO"
  ],
  "bands": {
    "CH4": [
      [
        2350,
        260
      ],
      [
        2750,
        320
      ]
    ],
    "C2H2": [
      [
        2700,
        140
      ],
      [
        2810,
        130
      ],
      [
        2200,
        150
      ]
    ],
    "C2H6": [
      [
        2400,
        170
      ],
      [
        2550,
        150
      ]
    ],
    "NH3": [
      [
        2050,
        140
      ],
      [
        2150,
        140
      ],
      [
        2250,
        100
      ]
    ],
    "PH3": [
      [
        2100,
        200
      ],
      [
        2300,
        150
      ]
    ],
    "C6H6": [
      [
        2550,
        80
      ],
      [
        2600,
        60
      ]
    ],
    "C4H2": [
      [
        2200,
        50
      ],
      [
        2320,
        50
      ],
      [
        2440,
        50
      ]
    ],
    "CO": [
      [
        1990,
        40
      ],
      [
        2060,
        40
      ]
    ]
  },
  "priors": {
    "CH4": 0.85,
    "NH3": 0.25,
    "C2H2": 0.18,
    "C2H6": 0.18,
    "PH3": 0.12,
    "C6H6": 0.08,
    "C4H2": 0.08,
    "CO": 0.06
  },
  "best_params": {
    "h1": 256,
    "h2": 384,
    "drop1": 0.23444167935585997,
    "drop2": 0.24178069593288987,
    "lr": 0.0004930733897900168,
    "wd": 2.3479281051379225e-05,
    "baseline_win": 101
  },
  "n_resample": 1024,
  "seed": 7
}