{
  "domain": "UV",
  "species": [
    "CH4",
    "NH3",
    "C2H2",
    "C2H6",
    "PH3",
    "C6H6",
    "C4H2",
    "C2H4",
    "C3H4",
    "GeH4",
    "AsH3",
    "CO"
  ],
  "bands": {
    "CH4": [
      [
        2350,
        260
      ],
      [
        2750,
        320
      ]
    ],
    "C2H2": [
      [
        2700,
        140
      ],
      [
        2810,
        130
      ],
      [
        2200,
        150
      ]
    ],
    "C2H6": [
      [
        2400,
        170
      ],
      [
        2550,
        150
      ]
    ],
    "NH3": [
      [
        2050,
        140
      ],
      [
        2150,
        140
      ],
      [
        2250,
        100
      ]
    ],
    "PH3": [
      [
        2100,
        200
      ],
      [
        2300,
        150
      ]
    ],
    "C6H6": [
      [
        2550,
        80
      ],
      [
        2600,
        60
      ]
    ],
    "C4H2": [
      [
        2200,
        50
      ],
      [
        2320,
        50
      ],
      [
        2440,
        50
      ]
    ],
    "C2H4": [
      [
        1700,
        150
      ],
      [
        1850,
        100
      ]
    ],
    "C3H4": [
      [
        1900,
        150
      ],
      [
        2050,
        100
      ]
    ],
    "GeH4": [
      [
        1950,
        200
      ],
      [
        2100,
        100
      ]
    ],
    "AsH3": [
      [
        2000,
        200
      ],
      [
        2150,
        100
      ]
    ],
    "CO": [
      [
        1990,
        40
      ],
      [
        2060,
        40
      ]
    ]
  },
  "best_params": {
    "h1": 768,
    "h2": 384,
    "drop1": 0.1619733825638022,
    "drop2": 0.11353349967194619,
    "lr": 0.00010278256776078634,
    "wd": 3.254908255281047e-06,
    "baseline_win": 251,
    "temp": 1.4032044312249063
  },
  "n_resample": 1024,
  "val_loss": 0.3785647466182709
}